grupo,12690
amizades,2594
redes,2025
sociais,1959
pessoas,1755
regras,1746
seguidores,1486
fãs,1242
desenhos,1167
venda,1140
da,1067
figurinhas,1039
dinheiro,1025
amizade,839
amor,806
amigos,806
romance,670
casa,634
nome,622
música,615
idade,613
foto,605
filmes,603
vendas,597
grupos,595
%,570
dia,567
peso,549
descrição,547
dias,544
vídeos,513
parte,495
tipo,483
curso,472
renda,451
perda,444
anos,428
objetivo,417
membros,402
beleza,394
dicas,393
gente,383
divulgação,370
moda,363
...,347
família,345
intuito,344
fotos,342
mundo,319
conteúdo,312
vida,311
mensagens,310
respeito,308
2,306
reais,289
dos,286
investimentos,284
eventos,284
coisas,273
bonde,266
finanças,261
2020,259
engajamento,254
canal,249
forma,244
projeto,240
vagas,239
meninas,236
jogos,229
pornografia,226
futebol,225
zoeira,217
mercado,213
produtos,210
informações,205
mulheres,204
troca,203
vontade,201
músicas,201
status,193
galera,190
tecnologia,190
perfil,188
permissão,188
assuntos,185
coisa,184
pessoa,180
cidade,180
lugar,180
tempo,180
namoro,177
conta,172
política,171
conversa,166
comentários,166
jogadores,161
séries,159
jogo,158
método,155
vídeo,154
semana,154
contas,154
bem,152
brigas,151
participantes,150
ajuda,149
diversão,148
hora,145
favor,145
n,143
correntes,142
papo,142
conteúdos,141
teste,141
cursos,137
dúvidas,137
frases,135
recrutamento,134
interesse,134
passo,134
tédio,132
x,130
horas,122
caso,119
marketing,114
negócio,112
promoções,112
preconceito,111
carros,110
maquiagem,106
imagens,105
livros,105
notícias,104
aulas,104
receitas,101
fã,100
trabalho,100
mês,100
limites,99
saúde,98
preço,98
conversas,98
1,97
autorização,97
assunto,94
atenção,94
s,93
canais,92
compra,92
contato,90
racismo,90
compras,90
membro,90
trocas,88
cidades,88
tipos,87
série,86
conhecimento,85
conforto,85
sinais,84
obs,84
personagem,84
regra,82
celular,82
amigo,82
equipe,80
sucesso,79
intenção,79
compartilhamento,79
loja,79
oportunidade,79
amantes,78
foco,77
ofertas,77
acesso,77
contatos,74
poder,73
número,73
campeonatos,73
sorteio,72
comunidade,71
verdade,70
ativos,70
vez,70
estado,69
resultados,69
desrespeito,69
discriminação,67
região,67
área,67
emprego,67
nível,65
ddd,65
homens,65
estudos,65
depressão,65
interação,65
do,65
iniciantes,65
debates,63
milhares,62
lojas,62
integrantes,62
momento,62
notas,61
brincadeiras,61
qualidade,61
empresa,60
página,60
entretenimento,58
serviços,58
preços,58
conhecimentos,58
adolescentes,57
d,57
mestre,56
palavrões,56
inglês,56
ter,56
rede,56
liberdade,55
sala,54
viagem,54
opções,54
finalidade,54
campeonato,54
problemas,54
plataforma,53
lista,53
humor,53
musicas,53
valor,52
clientes,52
ano,52
100,52
time,52
experiências,51
ensino,51
resto,51
inativos,50
meninos,50
dúvida,50
sigla,49
crescimento,49
mensagem,48
zero,48
máximo,47
produto,47
inscritos,47
tema,47
noite,47
tropa,47
entrada,47
0,46
universo,46
investimento,46
código,45
promoção,45
limite,45
total,45
minutos,45
maneira,45
valores,45
c,45
administradores,45
palavrão,45
computador,45
certificado,44
piadas,44
turismo,44
novidades,44
apoio,44
imagem,43
ansiedade,43
&,43
algo,43
sorte,43
profissionais,43
treino,43
atacado,42
clã,42
chance,42
peça,42
suporte,41
personagens,41
descontos,41
procura,41
rock,41
sorteios,41
graça,41
mínimo,41
perguntas,40
números,40
religião,40
relacionamento,40
lugares,40
experiência,40
discussão,40
corrente,39
mutirões,39
fim,39
estudo,39
cultura,39
palavra,39
roupas,39
áudio,38
agente,38
segurança,38
anúncios,38
treinamento,38
aplicativo,38
negócios,38
resenha,37
familia,37
discussões,36
técnicas,36
coração,36
video,36
mutirão,36
vezes,36
ofensas,35
bolsa,35
br,35
estratégias,35
briga,35
desconto,35
história,35
administrador,34
problema,34
inscrição,34
participante,34
dieta,34
r,34
visualização,33
pontos,33
violão,33
espaço,33
sexta,33
musica,33
alimentação,33
país,33
direito,33
envio,33
arte,32
cartão,32
nova,32
meio,32
desenvolvimento,32
meses,32
temas,32
jovens,31
horário,31
modo,31
min,31
palavras,31
estilo,30
desafio,30
melhor,30
jogador,30
apresentação,30
povo,30
treinos,30
gênero,30
mulher,30
ganhos,30
menores,30
peças,30
premiação,30
vaga,30
18,29
ficha,29
merda,29
filme,29
invasão,29
crise,29
grana,29
sexualidade,29
moderação,29
amigas,29
tv,29
brincadeira,28
lançamento,28
desafios,28
pai,28
homem,28
idades,28
certeza,28
escola,27
debate,27
conexão,27
convite,27
pessoal,27
caminho,27
informação,26
descriminação,26
violência,26
uso,26
fornecedores,26
publicações,26
idéias,26
ícone,26
v,26
opinião,26
garotas,26
bagunça,26
resultado,26
formas,26
alunos,26
clube,26
dono,25
par,25
paz,25
homofobia,25
cabelo,25
5,25
terror,25
corpo,25
mente,25
atividades,25
materiais,25
cara,25
sonhos,25
gado,25
falta,25
duo,25
pandemia,25
oportunidades,25
projetos,24
discrição,24
trabalhos,24
dificuldade,24
sexo,24
solução,24
kg,24
propaganda,24
serviço,24
lucro,24
propósito,23
10,23
duelos,23
evento,23
opiniões,23
cupons,23
escolha,23
bônus,23
rapaziada,23
aprendizado,23
404,23
ações,23
teorias,23
seleção,23
figuras,23
requisitos,23
vidas,22
atos,22
nota,22
busca,22
manhã,22
profissional,22
patrão,22
afins,22
força,22
t,22
livro,22
unhas,22
namorada,22
desenho,22
mãe,22
feira,22
colegas,22
leitura,22
crianças,22
líder,22
salas,22
gratuito,22
indicação,22
fora,22
edição,22
programa,22
sociedade,22
remoção,21
disposição,21
nós,21
estilos,21
tempos,21
ira,21
peneira,21
irmãos,21
interessados,21
pedidos,21
gays,21
sonho,21
amores,21
público,21
deus,21
fé,21
real,21
distância,21
aula,21
aplicativos,21
varejo,20
brasileiros,20
chuvas,20
centenas,20
paquera,20
sistema,20
estudantes,20
dietas,20
artes,20
quinta,20
roubo,20
começo,20
provas,20
nudez,20
acessórios,20
gosto,20
rotina,20
empresas,20
perfis,20
estados,20
poesia,20
vírus,20
seguidor,19
ramo,19
pé,19
futuro,19
planos,19
louco,19
relacionamentos,19
identidade,19
ônibus,19
menina,19
preconceitos,19
exercícios,19
cm,19
educação,19
orientação,19
filosofia,19
k,18
esquerda,18
tarde,18
cola,18
favoritos,18
dados,18
robô,18
terça,18
inscrições,18
instruções,18
senso,18
extra,18
prazer,18
questões,18
métodos,18
bolos,18
guerra,18
final,18
psicologia,18
atendimento,18
risadas,18
chefe,18
papos,17
momentos,17
academia,17
esforço,17
triagem,17
integrante,17
semanas,17
saia,17
domingo,17
usuários,17
alegria,17
safadeza,17
realidade,17
sentido,17
lucros,17
ordem,17
grupinho,17
apostas,17
lésbicas,17
concursos,17
geral,17
início,17
parceria,17
l,17
estratégia,17
aviso,16
artistas,16
cenas,16
base,16
carro,16
custo,16
programação,16
doações,16
cliente,16
criança,16
concurso,16
alma,16
gostos,16
casas,16
publicação,16
namorado,16
ativo,16
besteira,16
crédito,16
plataformas,16
7,16
96,16
ponto,15
grau,15
metas,15
amiguinhos,15
sem,15
magia,15
curiosidades,15
responsabilidade,15
noção,15
patente,15
poste,15
barriga,15
organização,15
pena,15
drogas,15
histórias,15
lei,15
massa,15
risco,15
platina,15
lançamentos,15
sábado,15
faixa,15
prova,15
chuva,15
meta,15
partidas,15
ovos,15
voz,14
excesso,14
festas,14
som,14
compromisso,14
mão,14
descontração,14
gordura,14
pele,14
banda,14
oferta,14
professor,14
adulto,14
g,14
medo,14
cor,14
programas,14
seguro,14
animais,14
condições,14
cabelos,14
pagamentos,14
adultos,14
carreira,14
jeito,14
material,14
atualidade,14
reflexões,14
madrugada,14
vidro,14
pornô,13
crescendo,13
recepção,13
m,13
ferramentas,13
benefícios,13
terra,13
encontros,13
entrega,13
fome,13
união,13
temporada,13
anúncio,13
espanhol,13
mina,13
humildade,13
investidores,13
resenhas,13
crime,13
trânsito,13
camisas,13
detalhes,13
mãos,13
retorno,13
banca,13
fotografia,13
legenda,13
sofá,13
crias,13
ser,13
gêneros,13
ladrão,13
favela,13
plano,13
prática,13
contrário,13
líderes,13
café,13
mamães,13
proposta,13
futuros,13
objetivos,13
moto,13
pote,13
machismo,13
qui,13
02,12
habilidades,12
volta,12
texto,12
novatos,12
conselhos,12
luz,12
gentileza,12
criação,12
escritos,12
fronteiras,12
taxa,12
capa,12
sujeito,12
talento,12
parceiro,12
testes,12
matérias,12
sacanagem,12
dica,12
i,12
resposta,12
atuação,12
enrolação,12
filhos,12
17,12
times,12
textos,12
loucos,12
missões,12
preferência,12
ex,12
nomes,12
cinema,12
processo,12
média,12
matemática,12
fibra,12
motivo,11
cuidado,11
indicações,11
lado,11
mangas,11
cerveja,11
causa,11
rendimento,11
lar,11
rumo,11
independência,11
cantor,11
obras,11
vista,11
ódio,11
astronomia,11
elite,11
fogo,11
manutenção,11
cabeça,11
15,11
presente,11
romances,11
garantia,11
24,11
canto,11
guerras,11
pagamento,11
solo,11
acontecimentos,11
maioria,11
limpeza,11
prêmios,11
quintas,11
segundas,11
metade,11
ajude,11
criador,11
propagandas,11
parceiros,11
opção,11
período,11
frete,11
parcerias,11
idioma,11
festa,11
irmão,11
ninja,11
sugestões,11
redação,11
b3,10
compreensão,10
2.0,10
restrições,10
fala,10
comédia,10
olho,10
céu,10
mídia,10
escritores,10
idéia,10
clipes,10
deuses,10
sabedoria,10
sertanejo,10
na,10
batalha,10
casais,10
sigilo,10
convites,10
paciência,10
diferença,10
mil,10
cadastro,10
ato,10
perfumes,10
casos,10
senhor,10
mando,10
amiga,10
presença,10
interações,10
servidor,10
nivel,10
páginas,10
igreja,10
dificuldades,10
ofensa,10
gados,10
quantidade,10
motivos,10
doces,10
morte,10
revenda,10
reeducação,10
áreas,10
encontro,10
honra,10
frustrações,10
literatura,9
língua,9
direita,9
pré,9
juros,9
letras,9
camisa,9
carinho,9
pacotes,9
dizer,9
raça,9
contexto,9
equipes,9
ganho,9
cuidados,9
padrão,9
pontuação,9
comissões,9
defesa,9
aventura,9
b,9
relação,9
marca,9
felicidade,9
torneios,9
divertimento,9
conclusão,9
temática,9
ingles,9
ouro,9
auxílio,9
vila,9
técnica,9
2000,9
minas,9
pedido,9
participação,9
guitarra,9
dólar,9
torcedores,9
marcas,9
menino,9
empregos,9
papel,9
classe,9
200,9
passos,9
confiança,9
vergonha,9
culinária,9
gel,9
pão,9
calçados,9
admiradores,9
rei,9
melhores,9
lendas,9
mães,9
alta,9
temporadas,9
milionário,9
fonte,9
doação,9
raiz,8
inimigos,8
mínima,8
mutilação,8
games,8
parceira,8
vantagens,8
espírito,8
versão,8
bruxaria,8
art,8
ciência,8
modelo,8
metal,8
ciências,8
receita,8
desempenho,8
cartões,8
notícia,8
torneio,8
abuso,8
aninhos,8
batalhas,8
operações,8
policiais,8
funcionamento,8
água,8
orgulho,8
vindas,8
turma,8
conto,8
dog,8
capital,8
truques,8
livre,8
categoria,8
citações,8
esportes,8
comentário,8
prêmio,8
saco,8
cantores,8
administração,8
lobos,8
governo,8
alongamento,8
especialista,8
12,8
fins,8
roubos,8
bolso,8
3,8
carta,8
4,8
bi,8
tabela,8
pais,8
motivação,8
vendedor,8
questão,8
professores,8
confusão,8
casamento,8
ás,8
cantora,8
bolsas,8
suplementos,8
tio,8
no,8
cs,8
representante,8
1500,8
leituras,8
orientações,8
abraço,8
situação,8
cosméticos,8
câmera,8
comissão,8
competição,8
viciados,8
rodas,8
bolão,7
ambiente,7
roupa,7
episódios,7
diálogo,7
expressão,7
críticas,7
sexta-feira,7
serie,7
adolescente,7
aprendizagem,7
conselho,7
filho,7
horários,7
novela,7
unha,7
hotel,7
biografia,7
porta,7
controle,7
realização,7
roda,7
criadores,7
chances,7
man,7
raças,7
vendedores,7
jornada,7
dor,7
vestibulandos,7
religiões,7
inatividade,7
recomendações,7
topo,7
xt,7
enfeite,7
linhas,7
cristãos,7
minuto,7
baixaria,7
aprovação,7
profissão,7
maturidade,7
bebês,7
ação,7
sextas,7
quartas,7
moedas,7
destino,7
conversação,7
moradores,7
local,7
tela,7
presidente,7
ferramenta,7
grafia,7
revendedor,7
pesso,7
veículos,7
colega,7
dólares,7
rio,7
animal,7
partes,7
quilos,7
bolo,7
risada,7
gato,7
novelas,7
cronograma,7
pergunta,7
linha,7
tiro,7
economia,7
necessidade,7
leitores,7
países,7
corretora,7
produtor,7
graduação,7
exemplo,7
besteiras,7
rádio,7
paixão,7
aparelhos,7
máquina,7
anjo,7
franquia,7
códigos,7
fofoca,6
fórmula,6
caráter,6
português,6
poderes,6
saga,6
contos,6
ator,6
geração,6
imóveis,6
ajudas,6
direto,6
pés,6
elo,6
insultos,6
milhão,6
ataque,6
estrutura,6
ideal,6
95,6
sofrimento,6
importados,6
praticantes,6
forças,6
dona,6
administradora,6
nutricionista,6
disponibilidade,6
culpa,6
médicos,6
salário,6
fiéis,6
zona,6
cenário,6
favorito,6
remédios,6
crimes,6
listas,6
piada,6
hábitos,6
cunho,6
ha,6
utilidade,6
seca,6
27,6
telefone,6
recarga,6
respeitoso,6
cpf,6
missão,6
namorados,6
vendedora,6
vencedor,6
importante,6
loucura,6
artista,6
níveis,6
revendas,6
mitos,6
mortes,6
dezenas,6
prazo,6
usuário,6
equipamentos,6
almoço,6
casal,6
intenções,6
especialistas,6
sobrancelhas,6
natureza,6
importação,6
negro,6
portal,6
medida,6
gangue,6
professora,6
1999,6
bomba,6
vice,6
caixa,6
respostas,6
transição,6
senha,6
acompanhamento,6
vestibulares,6
esporte,6
org,6
baixa,6
mansão,6
alimentos,6
discurso,6
cachos,6
motorista,6
estoque,6
consultoria,6
convivência,6
cota,6
enviados,6
comunicação,6
jornais,6
revistas,6
idiomas,6
meia,6
referência,6
tênis,6
desejo,6
vantagem,6
álcool,6
convívio,6
assédio,6
faca,6
segredo,6
condição,6
padrões,6
eliminação,6
babaca,6
artigos,6
mensalidades,6
doenças,6
itens,6
duração,6
suicídio,6
viagens,6
máquinas,6
cartola,5
lema,5
bom,5
segunda,5
rg,5
rua,5
mídias,5
pagode,5
comodidade,5
ensinamentos,5
bar,5
barriguinha,5
bebê,5
facilidade,5
onda,5
ligas,5
querido,5
animações,5
variedades,5
adoração,5
nutrição,5
chá,5
possibilidade,5
olhos,5
época,5
frase,5
cozinha,5
fronteira,5
doidos,5
acidentes,5
orçamento,5
fichas,5
lições,5
armas,5
quinta-feira,5
como,5
reunião,5
votações,5
monte,5
campo,5
evolução,5
fazenda,5
avisos,5
verificação,5
cena,5
via,5
segredos,5
construção,5
1º,5
tratos,5
coragem,5
feiras,5
políticos,5
reclamação,5
consequências,5
lazer,5
relações,5
gatos,5
passado,5
teclado,5
produtores,5
robôs,5
data,5
simulação,5
aumento,5
novidade,5
caminhada,5
gramática,5
condomínio,5
linguagem,5
salvador,5
instrumentos,5
arquivos,5
rima,5
votos,5
habilidade,5
interesses,5
monstro,5
espera,5
6,5
pizza,5
clássico,5
lixo,5
sobreviventes,5
quadrinhos,5
re,5
imoralidade,5
memória,5
bala,5
domingos,5
donos,5
efeito,5
meios,5
investidor,5
correios,5
regiões,5
formação,5
votação,5
módulos,5
caminhão,5
mudanças,5
portas,5
iniciativa,5
companheiros,5
polícia,5
justiça,5
bola,5
referências,5
siglas,5
comunismo,5
filha,5
privado,5
pirâmide,5
hábito,5
mudança,5
13,5
doença,5
trabalhador,5
bruxos,5
velocidade,5
aldeia,5
novinhos,5
segmento,5
bandas,5
signos,5
partida,5
fortaleza,5
nexo,5
adesão,5
teologia,5
informe,5
enfermagem,5
garotos,5
estresse,5
mestres,5
penas,5
estação,5
território,5
mistérios,5
carteira,5
exército,5
desempregados,5
produção,5
indicador,5
parabéns,5
imóvel,5
cotação,5
óleos,4
sinal,4
mandado,4
acertos,4
capas,4
colar,4
guia,4
trevas,4
sol,4
lua,4
reconhecimento,4
consentimento,4
aniversário,4
mal,4
caçadores,4
sucos,4
rato,4
cu,4
ovo,4
adesivos,4
nicho,4
rainha,4
socialização,4
saldo,4
peixes,4
transferência,4
ataques,4
criaturas,4
pânico,4
mitologia,4
luta,4
rap,4
pesquisadores,4
vício,4
cigarro,4
descrições,4
inferno,4
bicho,4
modelos,4
reforma,4
variações,4
sábados,4
etapa,4
consultores,4
consistência,4
fábrica,4
cartas,4
conserto,4
crises,4
crenças,4
preparação,4
tendências,4
sistemas,4
julgamentos,4
recursos,4
deusa,4
pequenos,4
lider,4
matéria,4
transporte,4
travestis,4
noites,4
músicos,4
qualidades,4
promotora,4
comidas,4
facções,4
fortalecimento,4
palpites,4
intuição,4
elenco,4
acaso,4
publicidade,4
invasões,4
preguiça,4
pesquisas,4
montagem,4
sextas-feiras,4
soluções,4
santo,4
facção,4
face,4
aposta,4
aposentadoria,4
hetero,4
computadores,4
ente,4
visitas,4
inovação,4
veia,4
interior,4
loteria,4
categorias,4
julho,4
centro,4
flamenguista,4
imunidade,4
posto,4
evangélicos,4
laços,4
decorrer,4
x-,4
direitos,4
fatos,4
visão,4
conferência,4
consultas,4
critério,4
estudante,4
monarquia,4
familiares,4
manga,4
junho,4
restauração,4
diferencial,4
tarefas,4
olhada,4
álbuns,4
apocalipse,4
emoções,4
conquista,4
colaboração,4
reuniões,4
competições,4
ciclos,4
bebidas,4
perigo,4
sex,4
modalidade,4
leilão,4
assinatura,4
oficial,4
milhões,4
genero,4
maravilhas,4
movimentação,4
fabricante,4
fox,4
índice,4
lésbica,4
acerto,4
móveis,4
eletrodomésticos,4
incômodo,4
humanidade,4
pensamentos,4
erro,4
enviadas,4
famílias,4
escolas,4
festival,4
patentes,4
seguinte,4
situações,4
privacidade,4
excluídos,4
redução,4
apologia,4
administradoras,4
bike,4
nazismo,4
conceito,4
fluxo,4
seguros,4
normas,4
seriados,4
benefício,4
entrevista,4
formulário,4
cachorros,4
isolamento,4
ativação,4
agenda,4
palhaçada,4
censura,4
jantar,4
energia,4
saída,4
consultora,4
poderoso,4
atualidades,4
aluno,4
cura,4
proximidades,4
rendas,4
piloto,4
realidades,4
caminhoneiro,4
milagre,4
chás,4
ofensiva,4
comida,4
certificados,4
terceiros,4
fase,4
planeta,4
insônia,4
reflexão,4
século,4
queima,4
22,4
gostosa,4
xenofobia,4
mostra,4
maneiras,4
dores,4
consciência,4
tratamento,4
restante,4
física,4
clipe,4
praticidade,4
formato,4
informática,4
empresário,4
treinamentos,4
sentimentos,4
moeda,4
atividade,4
harmonia,4
politicagem,4
violências,4
vestibular,4
mar,4
relógio,4
faturamento,4
pacote,4
eclipse,4
aluguel,4
chocolate,4
seres,4
visibilidade,4
botão,4
distribuidores,4
mágico,4
plantão,4
diálogos,4
cotações,4
aba,4
dança,3
autor,3
toque,3
instrumento,3
homofóbico,3
ligação,3
editores,3
churrasco,3
namoros,3
unidade,3
saber,3
vertentes,3
pó,3
empréstimo,3
vinda,3
piratas,3
máfia,3
estabilidade,3
1.1,3
partilha,3
boteco,3
criatividade,3
jeans,3
roll,3
liberação,3
obra,3
fóruns,3
signo,3
colocado,3
princesa,3
síndrome,3
enviado,3
ovelhas,3
serão,3
passe,3
torcida,3
z,3
profissionalismo,3
plantas,3
exageros,3
batata,3
mania,3
parada,3
bicicleta,3
aspectos,3
possibilidades,3
bebida,3
conceitos,3
atletas,3
veículo,3
exagero,3
trilhas,3
atitude,3
faixas,3
atitudes,3
mentira,3
metodologia,3
cupom,3
nativos,3
amadores,3
frente,3
pesado,3
empatia,3
relógios,3
atriz,3
riscos,3
idosos,3
análises,3
revolução,3
dado,3
mapa,3
notificações,3
gorduras,3
escrita,3
solteira,3
barreiras,3
feminismo,3
consideração,3
regas,3
consultor,3
ousadia,3
gerente,3
pastor,3
verão,3
veteranos,3
terças,3
lutas,3
1800,3
fama,3
indiretas,3
amostras,3
pau,3
vikings,3
brasileiro,3
agressão,3
gritaria,3
movimento,3
pouquinho,3
inteligência,3
tráfego,3
branco,3
explosão,3
talentos,3
pressão,3
espécie,3
sons,3
créditos,3
proteção,3
restrição,3
aplicação,3
testemunhos,3
olhar,3
psicanálise,3
demanda,3
meditação,3
dj,3
povos,3
trilha,3
rentabilidade,3
liderança,3
influência,3
centavos,3
confirmação,3
esperança,3
irregularidades,3
disciplina,3
raiva,3
husky,3
desenvolvedores,3
jogadas,3
anjos,3
sociologia,3
imposto,3
lojistas,3
parto,3
técnicos,3
capitais,3
segundos,3
surpresa,3
amiguinho,3
esposa,3
amostra,3
destaque,3
cavaleiros,3
caro,3
mercadoria,3
boca,3
traduções,3
fornecedor,3
excelência,3
curta,3
sintomas,3
suficiente,3
dramas,3
drama,3
quebra,3
telas,3
credibilidade,3
concentração,3
9,3
matriz,3
lingerie,3
gestantes,3
musculação,3
85,3
golpe,3
advogados,3
argumentos,3
pensamento,3
japonês,3
excessão,3
terça-feira,3
giro,3
voluntários,3
lobo,3
porto,3
capacidade,3
planta,3
currículo,3
dó,3
ilha,3
significado,3
rapidez,3
fm,3
remédio,3
desigualdade,3
corretores,3
volume,3
vinil,3
irmã,3
fotógrafos,3
iii,3
departamentos,3
princípios,3
gráficos,3
aliado,3
adrenalina,3
barbeiros,3
sangue,3
passagens,3
vítimas,3
dedicação,3
medicina,3
concorrentes,3
edificação,3
fontes,3
vapor,3
apostadores,3
adeptos,3
estima,3
medidas,3
bobagem,3
tendência,3
basquete,3
nordeste,3
inteiro,3
ligações,3
conspiração,3
tristeza,3
impressão,3
aparelho,3
recorde,3
consulta,3
manual,3
organismo,3
folha,3
estrela,3
garota,3
conduta,3
vícios,3
alcance,3
campeões,3
pássaros,3
adaptação,3
entrevistas,3
filtros,3
fio,3
alunas,3
depósito,3
prestadores,3
atores,3
discórdia,3
versos,3
gringos,3
sr,3
cachorro,3
lp,3
verdadeiro,3
transportes,3
encomendas,3
troféus,3
mi,3
consórcio,3
utilização,3
patrocinadores,3
vibrações,3
chapéus,3
metabolismo,3
14,3
relatos,3
sinuca,3
reino,3
relaxamento,3
frações,3
paraíso,3
incentivo,3
dobro,3
abusos,3
sofrimentos,3
acervo,3
mel,3
dívida,3
teatro,3
galeria,3
testemunhas,3
nação,3
90,3
formulários,3
conjunto,3
médico,3
solteiro,3
visita,3
animação,3
contabilidade,3
açaí,3
piano,3
contribuição,3
biólogos,3
apartamentos,3
representantes,3
ética,3
atrações,3
acadêmicos,3
ficção,3
mito,3
comunidades,3
operadora,3
formatos,3
tutorial,3
moedinha,3
emissão,3
intolerância,3
açúcar,3
entradas,3
surto,3
sacrifício,3
serra,3
abril,3
sensação,3
ursos,3
senhores,3
contrato,2
objeto,2
quintas-feiras,2
exceções,2
produções,2
desentendimento,2
apelido,2
trevo,2
príncipes,2
mandados,2
nutrientes,2
pedra,2
glória,2
comportamento,2
municípios,2
risos,2
templo,2
cactos,2
década,2
depoimentos,2
modas,2
datas,2
jovem,2
ramificações,2
documentários,2
transformação,2
conversações,2
tecnologias,2
dom,2
proprietário,2
andar,2
construções,2
cavaleiro,2
tom,2
gras,2
and,2
estante,2
black,2
vestidos,2
jóias,2
reclamações,2
rom,2
cremes,2
lenda,2
locais,2
faculdade,2
alavancagem,2
reformas,2
arquitetos,2
riqueza,2
agricultura,2
chamadas,2
jeitinho,2
console,2
jardim,2
militância,2
vampiro,2
rivais,2
classificação,2
multidão,2
crepúsculo,2
espelho,2
derrotas,2
performance,2
gás,2
proveito,2
lealdade,2
sapatos,2
suplemento,2
dia-a-dia,2
droga,2
arma,2
capacitação,2
bandeira,2
desentendimentos,2
trio,2
escrito,2
policial,2
editora,2
infância,2
lição,2
êxito,2
redenção,2
ouvidos,2
lorota,2
bruxinhos,2
ídolo,2
providências,2
demonstração,2
legião,2
aviação,2
aliança,2
irmandade,2
sx,2
finalização,2
complicações,2
compulsão,2
comprador,2
companhias,2
nuvem,2
divino,2
20,2
resumos,2
produtividade,2
advertência,2
tópicos,2
arena,2
exemplos,2
ml,2
troco,2
traumas,2
reinos,2
classes,2
gerenciamento,2
motoboy,2
item,2
tamanhos,2
quadro,2
gol,2
filósofos,2
pauta,2
colapso,2
jogadoras,2
pontuações,2
organizadores,2
porte,2
colocação,2
suspense,2
vilões,2
criações,2
porão,2
pinturas,2
exame,2
andamento,2
torcidas,2
desculpa,2
dispositivos,2
planilha,2
lotação,2
encomenda,2
fone,2
feminino,2
teor,2
69,2
honestidade,2
patamar,2
bando,2
consumidores,2
financiamento,2
lula,2
sobrenome,2
pinto,2
crista,2
atrocidades,2
chapéu,2
mentalidade,2
bronze,2
entendimento,2
fenômeno,2
espiritualidade,2
quedas,2
disciplinas,2
disco,2
passeios,2
ritmos,2
existência,2
quarta-feira,2
assistência,2
transmissão,2
desespero,2
distribuição,2
medicamentos,2
exames,2
cirurgias,2
fórum,2
império,2
edit,2
star,2
con,2
intervalo,2
personalidade,2
galo,2
falar,2
fechamento,2
pesca,2
operador,2
origem,2
cinéfilos,2
escuta,2
formando,2
pronúncia,2
bases,2
diferenças,2
uma,2
buscas,2
judeu,2
gringo,2
amanhã,2
receio,2
determinação,2
caras,2
saudade,2
vencedores,2
montagens,2
moçada,2
masculino,2
timão,2
watts,2
figura,2
direção,2
escolhas,2
cavalo,2
verdadeira,2
coma,2
fetiche,2
barbudos,2
conquistas,2
quarto,2
congresso,2
biquíni,2
afronta,2
contador,2
ídolos,2
energias,2
astral,2
objetos,2
ameaça,2
bruxa,2
burocracia,2
tumulto,2
arbítrio,2
telefones,2
pelada,2
unidades,2
comando,2
sugestão,2
saques,2
vilas,2
maiores,2
máscara,2
reações,2
mira,2
alvo,2
coincidência,2
parede,2
abundância,2
videogames,2
sentidos,2
milho,2
março,2
erros,2
abate,2
fortuna,2
doentes,2
explicação,2
geladeira,2
armário,2
servidores,2
cabeleireiros,2
cortes,2
proprietários,2
bateria,2
ob,2
artesãos,2
federal,2
perseguição,2
ótimo,2
jornal,2
motoristas,2
faculdades,2
importância,2
higienização,2
sessões,2
denúncia,2
episódio,2
queda,2
pernas,2
lanchonete,2
reciclagem,2
descendentes,2
remuneração,2
permanência,2
galinha,2
residentes,2
carência,2
setor,2
flores,2
diversidade,2
imprensa,2
população,2
desemprego,2
campanha,2
cantos,2
rendimentos,2
audiência,2
seg,2
candidatos,2
men,2
fato,2
moldes,2
termos,2
entorno,2
telefonia,2
religiosidade,2
discos,2
moral,2
movimentos,2
álbum,2
corridas,2
prioridade,2
retribuição,2
então,2
qg,2
punição,2
baianos,2
endereço,2
baile,2
aldeias,2
fundo,2
palco,2
assassinatos,2
reforço,2
costa,2
colaboradores,2
desenvolvimentos,2
anunciantes,2
campanhas,2
variedade,2
luxo,2
lavagem,2
programadores,2
sedução,2
bazar,2
cama,2
mesa,2
banho,2
aluguéis,2
carne,2
leão,2
praias,2
correntinha,2
teoria,2
88,2
16,2
custos,2
recebimento,2
programações,2
mandamento,2
gols,2
pronto,2
vitória,2
requisito,2
acordo,2
moças,2
combate,2
sul,2
duelo,2
vitaminas,2
ciclo,2
confinamento,2
supermercado,2
seguimento,2
trajetória,2
janeiro,2
alavanca,2
escalação,2
mata,2
manto,2
lote,2
ganhador,2
recurso,2
infinidade,2
gincanas,2
peculiaridades,2
débito,2
vazio,2
aceitação,2
vaquinha,2
perna,2
sede,2
paralelo,2
conflito,2
gaúchos,2
cotidiano,2
macaco,2
carreiras,2
interpretação,2
importador,2
patrocinadora,2
beijo,2
brilho,2
barbeiro,2
férias,2
revolta,2
análise,2
delegado,2
polícias,2
letra,2
alterações,2
questionário,2
extensão,2
certificação,2
corretoras,2
efeitos,2
intelectuais,2
mapas,2
porquê,2
fretes,2
dependência,2
poesias,2
campinas,2
solidariedade,2
faraó,2
expulsão,2
cotas,2
aquisição,2
instrução,2
motores,2
pimenta,2
termo,2
ritmo,2
mamãe,2
longe,2
arroz,2
custódia,2
aventuras,2
ricos,2
obtenção,2
gestação,2
técnico,2
dinâmica,2
convidado,2
ingredientes,2
intercâmbio,2
francês,2
maio,2
ameaças,2
dublagem,2
vocabulário,2
presentes,2
massas,2
lama,2
pug,2
verdades,2
ideologia,2
matrícula,2
práticas,2
fracasso,2
proximidade,2
utopia,2
riso,2
anarquia,2
mama,2
disputa,2
comandos,2
escrituras,2
documentos,2
irmãs,2
sucessos,2
caminhões,2
motivações,2
automóvel,2
apresentações,2
refúgio,2
choro,2
advogado,2
miséria,2
loucuras,2
leis,2
cestas,2
trem,2
aparência,2
soldado,2
centavo,2
mágica,2
28,2
castelo,2
blues,2
anuidade,2
ruas,2
hamburguer,2
autoconhecimento,2
fios,2
pesquisa,2
eletrônica,2
opressão,2
nó,2
autoridades,2
forró,2
enviada,2
acampamento,2
potencial,2
campeão,2
restaurante,2
violino,2
divulgadores,2
lojinha,2
terapia,2
barulho,2
legendas,2
violação,2
épocas,2
prata,2
aperfeiçoamento,2
aborto,2
micro,2
oficina,2
exclusividade,2
diretora,2
vocação,2
shows,2
fotografias,2
braços,2
continente,2
bandidos,2
enriquecimento,2
curiosos,2
poemas,2
culto,2
compatibilidade,2
solidão,2
fênix,2
pabx,2
lance,2
rosto,2
reabilitação,2
usados,2
galáxia,2
mato,2
aluna,2
aspecto,2
box,2
negociações,2
calça,2
prosperidade,2
pedagogos,2
colchões,2
atualização,2
1974,2
governos,2
brindes,2
aprimoramento,2
palhaço,2
manuais,2
solicitação,2
poetas,2
apostador,2
atração,2
puta,2
marido,2
função,2
renovação,2
colágeno,2
25,2
diário,2
telespectadores,2
princípio,2
gargalhadas,2
delícia,2
manicures,2
engenharia,2
duplas,2
tabelas,2
digitador,2
elogios,2
decoração,2
rebelião,2
exercício,2
samba,2
paixões,2
fones,2
corrida,2
prazeres,2
marcação,2
correção,2
instituições,2
cesta,2
caipira,2
escultura,2
corporações,2
mangueira,2
saque,2
transparência,2
televisão,2
cubo,2
bolinhas,2
cadeira,1
alinhamento,1
palmeiras,1
pulo,1
bares,1
platéia,1
capítulos,1
espanhóis,1
tolo,1
ofensivas,1
meio-dia,1
véu,1
70,1
magazines,1
tributo,1
tumor,1
simpatias,1
fantasmas,1
monstros,1
reportagens,1
consumidor,1
atributos,1
master,1
faísca,1
viés,1
herói,1
redatores,1
tamanho,1
formatação,1
saias,1
inspiração,1
expectativas,1
porcarias,1
idiotices,1
modificações,1
turnos,1
construtoras,1
engenheiros,1
vanguarda,1
fomento,1
fúria,1
trama,1
completo,1
eternidade,1
descontentamento,1
profissonais,1
ausência,1
pata,1
oponente,1
vale,1
explicações,1
pipoca,1
clareza,1
neve,1
turminha,1
teletransporte,1
verso,1
correr,1
cristão,1
english,1
informaçoes,1
cuecas,1
caixinhas,1
av,1
virgem,1
troféu,1
promotoria,1
apelos,1
símbolo,1
muro,1
capítulo,1
sujeira,1
hidrogênio,1
senhora,1
amada,1
cidadezinha,1
diabo,1
sonoplastia,1
rol,1
berço,1
82,1
20.000,1
transformações,1
caixão,1
peneiras,1
descumprimento,1
honras,1
político,1
neto,1
perdão,1
pecados,1
raio,1
exploração,1
superioridade,1
ferro,1
tripulação,1
quando,1
individualidade,1
biblioteca,1
distribuidora,1
cheia,1
butijão,1
ed,1
verbo,1
arcos,1
arquitetura,1
óleo,1
vela,1
protocolo,1
desconforto,1
perito,1
sítio,1
seitas,1
árvore,1
praças,1
fantasias,1
fetiches,1
farsa,1
fadiga,1
compacta,1
foguete,1
insetos,1
coleguinhas,1
banco,1
comércio,1
hospedagem,1
pães,1
flauta,1
suportes,1
discursos,1
arrendamento,1
fundadores,1
descanso,1
joalheria,1
testemunho,1
alvos,1
fadas,1
surpresas,1
festinhas,1
invasores,1
comercio,1
regularização,1
acadêmico,1
protagonista,1
fator,1
planejamento,1
bairro,1
mares,1
perspectiva,1
pornôs,1
ansiosos,1
bandido,1
primeiro,1
autoridade,1
restaurantes,1
relâmpago,1
recuperação,1
danças,1
filhinha,1
estações,1
recomeçar,1
deslize,1
bruster,1
trato,1
seleções,1
carga,1
preso,1
59,1
social,1
canibalismo,1
caixinha,1
eleitos,1
acelerador,1
timidez,1
monitores,1
ventilador,1
pulmonar,1
cones,1
eletrônicos,1
burocracias,1
19,1
3.0,1
faroeste,1
chamada,1
passes,1
vilão,1
medicamento,1
imigrantes,1
recomendação,1
almas,1
ironia,1
ladainha,1
todo,1
exportação,1
bis,1
crítico,1
mansões,1
ração,1
simulações,1
91,1
cultivo,1
verdinhas,1
cantoras,1
militantes,1
09,1
sintetizadores,1
vizinhas,1
deveres,1
mobilidade,1
evidências,1
fantasia,1
cortês,1
caminhos,1
indicadores,1
pista,1
pose,1
garimpeiros,1
satisfação,1
900,1
virtude,1
freezer,1
impasses,1
meia-noite,1
batatas,1
passageiro,1
29,1
papai,1
compostos,1
lanche,1
rules,1
moralidade,1
atrativos,1
transtornos,1
vácuo,1
cinemas,1
grandeza,1
74,1
tetos,1
recordações,1
lembranças,1
exigências,1
lances,1
placas,1
igrejas,1
endereços,1
zombaria,1
crença,1
universidade,1
trechos,1
bordel,1
parcela,1
jejum,1
obrigação,1
duplicação,1
puberdade,1
tabu,1
parceiras,1
cavalos,1
naturezas,1
segmentos,1
margens,1
confiabilidade,1
capitã,1
calúnia,1
diarista,1
acompanhante,1
prof.,1
revendedores,1
chofer,1
mercadorias,1
confeitarias,1
elemento,1
catálogos,1
edições,1
iniciação,1
currículos,1
janela,1
aristocracia,1
privilégio,1
séculos,1
perfeição,1
submundo,1
abertura,1
bacharéis,1
doutores,1
pacto,1
amidades,1
intermédio,1
feriado,1
palestras,1
libras,1
índices,1
persistência,1
ninho,1
trave,1
autores,1
submissão,1
sensações,1
margem,1
conflitos,1
agência,1
transmissor,1
domicílio,1
cargo,1
indivíduo,1
cruz,1
revelações,1
psicanalistas,1
discípulos,1
criminosos,1
entendidos,1
parentes,1
botox,1
enzimas,1
franquias,1
borracha,1
caneta,1
injustiça,1
forte,1
procedimento,1
camisetas,1
balaio,1
gibis,1
paulada,1
93,1
camarões,1
tanques,1
sertanejos,1
outubro,1
detetives,1
mãozinha,1
evangelhos,1
comunista,1
retenção,1
líquidos,1
salões,1
deficientes,1
dever,1
leigos,1
labirinto,1
versões,1
rolo,1
clima,1
primo,1
moleza,1
dupla,1
paradas,1
dívidas,1
tentações,1
empresários,1
cafés,1
barras,1
insulto,1
planilhas,1
semestre,1
fascismo,1
visitante,1
travesti,1
cariocas,1
variação,1
ocasiões,1
cidadãos,1
ministros,1
glúteos,1
avaliações,1
conjuntura,1
jornalistas,1
comunicadores,1
pesquisador,1
filiados,1
perseverança,1
sal,1
partido,1
poupança,1
cria,1
nuca,1
arrecadação,1
pedras,1
proibição,1
pensão,1
segurado,1
prisão,1
gozo,1
abono,1
rota,1
chifre,1
contribuições,1
agentes,1
acidente,1
sequelas,1
inclusão,1
estrada,1
cultivos,1
vínculo,1
universos,1
vão,1
guerreiros,1
urubu,1
castigo,1
formatura,1
baladas,1
aberturas,1
automação,1
admiração,1
perdidas,1
bobo,1
costura,1
cristianismo,1
literaturas,1
vaqueiro,1
brigadeiro,1
construtores,1
osso,1
doador,1
esclarecimentos,1
catálogo,1
reprodução,1
limbo,1
fascistas,1
corja,1
chave,1
jato,1
deficiência,1
psicólogos,1
ênfase,1
economistas,1
liberalismo,1
ideais,1
supresa,1
minimalismo,1
telecomunicações,1
chaga,1
paralelos,1
disseminação,1
malefícios,1
hormônio,1
alteração,1
negros,1
cabo,1
sunga,1
atuações,1
1960,1
aço,1
coro,1
salão,1
alpha,1
legislação,1
pátria,1
portaria,1
registro,1
nações,1
floresta,1
montanha,1
monumento,1
1925,1
arquiteto,1
necessidades,1
paisagens,1
execução,1
mutante,1
atritos,1
ajuste,1
descobertas,1
2.750,1
diabéticos,1
loterias,1
casta,1
eleição,1
area,1
atmosfera,1
folclore,1
cortinas,1
dedução,1
brinquedo,1
pregão,1
crítica,1
pop,1
tarifa,1
barba,1
monarquistas,1
superação,1
caricatura,1
pano,1
donas,1
sociedades,1
compositores,1
massagem,1
desejos,1
veneno,1
queijo,1
freios,1
memórias,1
masturbação,1
término,1
necessitados,1
pirâmides,1
mentiras,1
famosos,1
adesões,1
turmas,1
noroeste,1
operadoras,1
alô,1
creme,1
versa,1
bu,1
ram,1
processamento,1
1983,1
fibras,1
ácidos,1
aminoácidos,1
libido,1
genialidade,1
química,1
etapas,1
1945,1
supermercados,1
balão,1
instantes,1
esquecidos,1
contratação,1
horizonte,1
bater,1
esforços,1
funcionário,1
defensores,1
patê,1
dama,1
uniforme,1
firma,1
modos,1
pastel,1
nacionalismo,1
barracos,1
passatempo,1
brinde,1
grafiteiros,1
religiosos,1
regulamento,1
triunfo,1
repetições,1
pôster,1
serpentes,1
mingau,1
documentação,1
criatórios,1
manejo,1
aves,1
com,1
expositor,1
locomoção,1
sina,1
dimensões,1
luvas,1
oito,1
purgatório,1
genética,1
genes,1
capitão,1
higiene,1
perfumaria,1
sopa,1
comunhão,1
limão,1
guarda,1
280,1
vandalismo,1
dígitos,1
insegurança,1
aprendizes,1
preto,1
íntegra,1
punho,1
tardes,1
relatórios,1
ondas,1
reserva,1
cachaça,1
bacanas,1
identificação,1
pilhas,1
residência,1
maratona,1
ocasião,1
otimismo,1
al,1
gastronomia,1
voto,1
enquete,1
competência,1
d.,1
capitalismo,1
editais,1
faltas,1
fut,1
ver,1
navio,1
promessa,1
alfa,1
anexo,1
seriado,1
domínio,1
afinidade,1
conferências,1
aptidões,1
culpas,1
justo,1
conservação,1
decadência,1
mundos,1
solicitações,1
estrelas,1
padaria,1
políticas,1
comemoração,1
tiragem,1
arcanos,1
gueto,1
esp,1
cúpula,1
leve,1
gabinete,1
envolvimento,1
fraternidade,1
funções,1
jogue,1
principal,1
vestuário,1
títulos,1
absorção,1
complexo,1
pederastia,1
julgamento,1
saudades,1
finalidades,1
essência,1
pós-graduação,1
ancestral,1
bastante,1
gastos,1
ápice,1
orgasmo,1
grego,1
dominação,1
camionete,1
objeções,1
reembolso,1
ultimato,1
ginástica,1
macacos,1
envolvidos,1
revendedora,1
músculos,1
assoalho,1
agiotas,1
decepção,1
levantamento,1
classificações,1
amarração,1
casamentos,1
rival,1
amamentação,1
1990,1
combatentes,1
metrópole,1
tragédias,1
leite,1
retirada,1
metrô,1
república,1
conivência,1
frangos,1
departamento,1
fanáticos,1
combinação,1
exceção,1
ignorância,1
exposição,1
demônios,1
miseráveis,1
novenas,1
liturgia,1
pregações,1
damas,1
navegador,1
sabor,1
engarrafamento,1
potes,1
sinceridade,1
arquibancadas,1
colegial,1
falas,1
expansão,1
armadilha,1
convidados,1
cosmo,1
furto,1
parâmetros,1
suspeito,1
alegrias,1
mm,1
tragédia,1
produtora,1
observação,1
cobranças,1
anel,1
sono,1
demência,1
asas,1
maionese,1
conscientização,1
preferida,1
videogame,1
ministério,1
decretos,1
afirmações,1
quântica,1
bumbum,1
alturas,1
gráfico,1
entregas,1
escritor,1
ressarcimento,1
recados,1
valsa,1
impostor,1
decepções,1
profissões,1
cintura,1
essencial,1
partidos,1
portugueses,1
furtos,1
realismo,1
auto-estima,1
inimigo,1
circo,1
viajante,1
fraudes,1
98,1
ministro,1
achados,1
biologia,1
enfoque,1
detetive,1
narrador,1
sessão,1
calorias,1
criminalidade,1
horror,1
avanço,1
dedo,1
caralho,1
burro,1
alfabetização,1
raciocínio,1
romace,1
árvores,1
pragas,1
manchas,1
orquídeas,1
psicólogo,1
injeção,1
localidade,1
identidades,1
fracassos,1
combustível,1
balanço,1
imperador,1
colônias,1
forca,1
dádiva,1
postura,1
fotógrafo,1
gentes,1
diretores,1
melhoria,1
mercados,1
lenço,1
imaginação,1
avalanche,1
esponja,1
cera,1
mandamentos,1
assessoria,1
comercialização,1
ramos,1
afetos,1
advocacia,1
linguiça,1
recompensa,1
hg,1
altar,1
maridos,1
prós,1
trovão,1
calor,1
secador,1
messias,1
noiva,1
quinzena,1
aberta,1
melão,1
sp,1
hostilidade,1
mp,1
francos,1
era,1
gregos,1
ambições,1
opnião,1
partícipe,1
guerreiro,1
especulador,1
quantia,1
terapias,1
procedimentos,1
saudações,1
sabedorias,1
pesos,1
lideres,1
democracia,1
acessos,1
hipnose,1
punições,1
rotação,1
alternativas,1
clubes,1
bloqueios,1
mentor,1
silky,1
leitor,1
secretária,1
bolero,1
maquiador,1
eras,1
melhoras,1
mendigos,1
brigada,1
pontas,1
ext,1
folhas,1
passeio,1
ruína,1
terras,1
personalidades,1
horizontes,1
mediações,1
quitação,1
matrizes,1
bacharelado,1
mercador,1
habitantes,1
panos,1
exterior,1
preocupações,1
logística,1
empregados,1
programador,1
móbile,1
campeã,1
compressão,1
iniciais,1
papéis,1
emergência,1
adestramento,1
cegos,1
manifestação,1
paizão,1
líquido,1
periferia,1
preocupação,1
adversário,1
feijoada,1
detalhe,1
compositora,1
estabelecimento,1
resgate,1
violonista,1
nichos,1
bancas,1
99,1
agressões,1
frango,1
palma,1
associações,1
associados,1
monografias,1
bronca,1
previsões,1
dividendos,1
escritório,1
suspensão,1
tc,1
repetição,1
neura,1
organizador,1
importadores,1
legalização,1
progresso,1
célula,1
veterinário,1
restantes,1
taxas,1
diesel,1
mecanismo,1
falhas,1
interpretações,1
depósitos,1
transferências,1
passaporte,1
avião,1
ânimo,1
coronel,1
balada,1
bilhetes,1
amistoso,1
rodeios,1
colocados,1
briguinhas,1
55,1
denunciados,1
acontecimento,1
pratos,1
nu,1
morador,1
cédulas,1
cães,1
gesto,1
copas,1
poças,1
cobrança,1
general,1
transportadores,1
massagens,1
declarações,1
tios,1
cacau,1
tratamentos,1
confusões,1
degrau,1
índole,1
peste,1
porco,1
miniaturas,1
paulistas,1
segunda-feira,1
fazendeiro,1
contacto,1
sobremesas,1
prefeito,1
reputação,1
frio,1
modelagem,1
toxinas,1
bancos,1
modalidades,1
melhora,1
escritora,1
ego,1
únicas,1
parente,1
ária,1
longevidade,1
ouvinte,1
tucanos,1
colecionadores,1
colecionador,1
multinacional,1
paginas,1
contratos,1
fundos,1
santinhos,1
psicopata,1
vestimenta,1
proselitismo,1
mago,1
mico,1
alto,1
carboidrato,1
pato,1
excelências,1
intermediações,1
empreendimentos,1
clínica,1
dependente,1
companheiro,1
heróis,1
palhaços,1
concordância,1
23,1
guias,1
liga,1
estupro,1
exemplares,1
teto,1
investigação,1
militares,1
estranhos,1
asfalto,1
novato,1
baleias,1
fórmulas,1
chifres,1
nudismo,1
autoria,1
apresentador,1
quadrilha,1
putas,1
dois,1
perícias,1
budismo,1
instalação,1
chinês,1
cedo,1
túnel,1
esculturas,1
táticas,1
resoluções,1
abrigo,1
tecladista,1
pianista,1
representações,1
tintas,1
pares,1
golpes,1
negociação,1
bruxas,1
amante,1
bermudas,1
seguradora,1
facilidades,1
parcelas,1
comparação,1
hinos,1
cep,1
dispositivo,1
sujeitos,1
velhos,1
77,1
especializações,1
etnias,1
minorias,1
rebanho,1
atrizes,1
densidade,1
coluna,1
infravermelho,1
calma,1
comédias,1
candidato,1
vereador,1
abelha,1
vivas,1
estranho,1
pudor,1
sério,1
ladrões,1
desordem,1
frustração,1
juba,1
avaliação,1
brasa,1
kombi,1
culturas,1
à,1
solos,1
decisões,1
suicídios,1
rodada,1
responsável,1
logos,1
cão,1
espiritismo,1
dedos,1
introdução,1
ressaca,1
humanos,1
eficácia,1
editor,1
anunciante,1
sufoco,1
piscar,1
fruta,1
conde,1
audição,1
crânios,1
responsabilidades,1
manipulação,1
combinações,1
texturas,1
esquemas,1
psiquiatria,1
melhoramento,1
fantasma,1
brasileiras,1
criatura,1
pensador,1
pirataria,1
caixas,1
culturismo,1
autorizações,1
martelo,1
histórico,1
aquário,1
grão,1
tatuagens,1
esclarecimento,1
orçamentos,1
vitrine,1
répteis,1
fundamento,1
seriedade,1
criadora,1
caligrafia,1
pastora,1
sombra,1
violações,1
idolatria,1
podre,1
imbecis,1
polis,1
emissora,1
obesidade,1
cérebro,1
geografia,1
assistente,1
especialização,1
procedência,1
autenticidade,1
cartela,1
87,1
acabamento,1
passageiros,1
persuasão,1
careca,1
shorts,1
sexos,1
reto,1
suspeitos,1
ocorrido,1
helicóptero,1
aviões,1
bunda,1
indecência,1
miragens,1
vitórias,1
elaboração,1
valorização,1
promotores,1
diversões,1
peru,1
arsenal,1
consórcios,1
estabelecimentos,1
mensalidade,1
bagaceira,1
pilotos,1
circuito,1
piores,1
palpite,1
balde,1
fragilidade,1
metodologias,1
especificação,1
direta,1
mecânica,1
universitário,1
mistura,1
pintor,1
spot,1
polo,1
balas,1
funcionários,1
esquina,1
metro,1
rolos,1
desenvolvedor,1
câmbio,1
aflições,1
abc,1
senhoras,1
promessas,1
mentirosas,1
locação,1
familiar,1
container,1
especificações,1
sobrevivente,1
criminoso,1
ideologias,1
vítima,1
feitiçaria,1
angústia,1
loira,1
dna,1
características,1
critérios,1
blusas,1
tons,1
palmas,1
risca,1
pancada,1
esquema,1
instabilidade,1
sócios,1
capim,1
alerta,1
armadilhas,1
carnaval,1
marco,1
gramas,1
machos,1
brinquedos,1
astrofísica,1
anonimato,1
amorzinho,1
fidelidade,1
anticristo,1
finais,1
ombro,1
consumo,1
alimento,1
sindicato,1
08,1
comerciantes,1
doutrinas,1
ouvido,1
termômetro,1
chuteiras,1
auto-ajuda,1
quilha,1
consoles,1
arranjo,1
arco,1
reformulação,1
utensílios,1
ingrediente,1
cálculo,1
maternidade,1
expediente,1
surf,1
previsão,1
nos,1
audácia,1
comerciais,1
coletâneas,1
cortesia,1
apoia,1
coordenadas,1
repertório,1
cd,1
treinadores,1
ginásios,1
etnia,1
malagueta,1
super-herói,1
adversários,1
débitos,1
80,1
aliados,1
mineração,1
poses,1
sabonetes,1
mortal,1
decisão,1
localização,1
previdenciários,1
revisão,1
cidadões,1
fruto,1
simpatia,1
compradores,1
implementos,1
caminhadas,1
intelecto,1
esquadrão,1
pá,1
mensageiros,1
períodos,1
desastre,1
grandes,1
cargos,1
terreiros,1
gravador,1
graus,1
deslocamento,1
importações,1
burgueses,1
burguesia,1
fixação,1
frequência,1
focos,1
epidemia,1
combates,1
grama,1
notificação,1
relevância,1
esferas,1
sopro,1
humildes,1
maca,1
papa,1
salgados,1
lados,1
estatura,1
captação,1
gangues,1
globo,1
narração,1
mistério,1
caravana,1
vovó,1
sobrinhos,1
coelho,1
cristalização,1
revitalização,1
amistosos,1
50,1
demônio,1
rádios,1
intimidade,1
r.,1
dezembro,1
rodeio,1
milagres,1
docente,1
planetas,1
mineiro,1
incentivos,1
2007,1
tributarista,1
netos,1
disputas,1
filtro,1
causas,1
